{"cameraMode":{"drawMode":0,"name":"Shaded","section":"Shading Mode"},"sceneLighting":true,"audioPlay":false,"sceneViewState":{"m_AlwaysRefresh":false,"showFog":true,"showSkybox":true,"showFlares":true,"showImageEffects":true,"showParticleSystems":true,"showVisualEffectGraphs":true,"m_FxEnabled":true},"in2DMode":false,"pivot":{"x":0.2199997901916504,"y":3.359999656677246,"z":-5.6100006103515629},"rotation":{"x":0.10360272973775864,"y":-0.8854364156723023,"z":0.23791669309139253,"w":0.38556936383247378},"size":12.12435531616211,"orthographic":false}